{
    "lr-Adam": 0.001,
    "train": {
        "loss": 0.005427156109362841,
        "accuracy": 0.9997982382774353,
        "precision": 0.9997982382774353,
        "recall": 0.9997982382774353,
        "f1": 0.9997982382774353
    },
    "epoch": 149,
    "step": 3149,
    "val": {
        "loss": 0.005714701488614082,
        "accuracy": 0.9997307658195496,
        "precision": 0.9997307658195496,
        "recall": 0.9997307658195496,
        "f1": 0.9997307658195496
    }
}
