{
    "lr-Adam": 0.001,
    "train": {
        "loss": 0.002074861666187644,
        "accuracy": 0.9998546838760376,
        "precision": 0.9998546838760376,
        "recall": 0.9998546838760376,
        "f1": 0.9998546838760376
    },
    "epoch": 34,
    "step": 7209,
    "val": {
        "loss": 0.0020584375597536564,
        "accuracy": 0.9998962879180908,
        "precision": 0.9998962879180908,
        "recall": 0.9998962879180908,
        "f1": 0.9998962879180908
    }
}
