{
    "lr-Adam": 0.001,
    "train": {
        "loss": 1.0352938175201416,
        "accuracy": 0.7338148951530457,
        "precision": 0.7338148951530457,
        "recall": 0.7338148951530457,
        "f1": 0.7338148951530457
    },
    "epoch": 625,
    "step": 625,
    "val": {
        "loss": 1.1436597108840942,
        "accuracy": 0.729611873626709,
        "precision": 0.729611873626709,
        "recall": 0.729611873626709,
        "f1": 0.729611873626709
    }
}
