{
    "lr-Adam": 0.001,
    "train": {
        "loss": 0.00026537556550465524,
        "accuracy": 1.0,
        "precision": 1.0,
        "recall": 1.0,
        "f1": 1.0
    },
    "epoch": 50,
    "step": 34985,
    "val": {
        "loss": 0.00027450043126009405,
        "accuracy": 0.9997669458389282,
        "precision": 0.9997669458389282,
        "recall": 0.9997669458389282,
        "f1": 0.9997669458389282
    }
}
