{
    "lr-Adam": 0.001,
    "train": {
        "loss": 0.005709557328373194,
        "accuracy": 0.9996600151062012,
        "precision": 0.9996600151062012,
        "recall": 0.9996600151062012,
        "f1": 0.9996600151062012
    },
    "epoch": 61,
    "step": 3223,
    "val": {
        "loss": 0.005699025467038155,
        "accuracy": 0.9996474981307983,
        "precision": 0.9996474981307983,
        "recall": 0.9996474981307983,
        "f1": 0.9996474981307983
    }
}
