{
    "lr-Adam": 0.001,
    "train": {
        "loss": 1.1086111068725586,
        "accuracy": 0.7314978837966919,
        "precision": 0.7314978837966919,
        "recall": 0.7314978837966919,
        "f1": 0.7314978837966919
    },
    "epoch": 501,
    "step": 501,
    "val": {
        "loss": 1.2214806079864502,
        "accuracy": 0.7261229753494263,
        "precision": 0.7261229753494263,
        "recall": 0.7261229753494263,
        "f1": 0.7261229753494263
    }
}
