step	f1
0	0.07691771537065506
1	0.07691771537065506
2	0.07691771537065506
3	0.07691771537065506
4	0.07691771537065506
5	0.07691771537065506
6	0.07691771537065506
7	0.07691771537065506
8	0.07691771537065506
9	0.07691771537065506
10	0.07691771537065506
11	0.07691771537065506
12	0.07691771537065506
13	0.07691771537065506
14	0.07691771537065506
15	0.07691771537065506
16	0.07691771537065506
17	0.07691771537065506
18	0.07691771537065506
19	0.07691771537065506
20	0.07691771537065506
