step	loss
0	2.008711814880371
1	2.008573293685913
2	2.008450746536255
3	2.0083093643188477
4	2.008176565170288
5	2.0080513954162598
6	2.0079355239868164
7	2.0077896118164062
8	2.007655382156372
9	2.0075201988220215
10	2.0073914527893066
11	2.0072720050811768
12	2.0071425437927246
13	2.007009983062744
14	2.0068728923797607
15	2.006744384765625
16	2.0066356658935547
17	2.006497621536255
18	2.0063648223876953
19	2.006243944168091
20	2.006112575531006
