{
    "win_rate": 0.34375,
    "mean_points": 932.4871794871794,
    "mean_points_graf": 988.75,
    "avg_set_length": 12.1875,
    "total_games": 1560
}
