{
    "win_rate": 0.390625,
    "mean_points": 944.1349968010238,
    "mean_points_graf": 981.3499680102368,
    "avg_set_length": 12.2109375,
    "total_games": 1563
}
