{
    "win_rate": 0.375,
    "mean_points": 941.851282051282,
    "mean_points_graf": 979.9897435897435,
    "avg_set_length": 12.1875,
    "total_games": 1560
}
