{
    "win_rate": 0.421875,
    "mean_points": 950.0510204081633,
    "mean_points_graf": 980.8086734693877,
    "avg_set_length": 12.25,
    "total_games": 1568
}
