{
    "win_rate": 0.3671875,
    "mean_points": 951.9253164556962,
    "mean_points_graf": 992.4898734177216,
    "avg_set_length": 12.34375,
    "total_games": 1580
}
