{
    "win_rate": 0.5234375,
    "mean_points": 959.495501285347,
    "mean_points_graf": 955.5816195372752,
    "avg_set_length": 12.15625,
    "total_games": 1556
}
