{
    "win_rate": 0.34375,
    "mean_points": 945.9030418250951,
    "mean_points_graf": 996.797845373891,
    "avg_set_length": 12.328125,
    "total_games": 1578
}
