{
    "win_rate": 0.453125,
    "mean_points": 951.2778489116517,
    "mean_points_graf": 971.3188220230472,
    "avg_set_length": 12.203125,
    "total_games": 1562
}
