{
    "win_rate": 0.34375,
    "mean_points": 930.1453265044814,
    "mean_points_graf": 994.2605633802818,
    "avg_set_length": 12.203125,
    "total_games": 1562
}
