{
    "win_rate": 0.3671875,
    "mean_points": 932.830443159923,
    "mean_points_graf": 984.7475915221579,
    "avg_set_length": 12.1640625,
    "total_games": 1557
}
