{
    "win_rate": 0.3828125,
    "mean_points": 955.8823903369357,
    "mean_points_graf": 979.9186268277177,
    "avg_set_length": 12.2890625,
    "total_games": 1573
}
