{
    "win_rate": 0.40625,
    "mean_points": 960.4638783269963,
    "mean_points_graf": 982.2370088719898,
    "avg_set_length": 12.328125,
    "total_games": 1578
}
