{
    "win_rate": 0.3203125,
    "mean_points": 938.089058524173,
    "mean_points_graf": 996.6463104325699,
    "avg_set_length": 12.28125,
    "total_games": 1572
}
