{
    "win_rate": 0.3359375,
    "mean_points": 940.2358909321497,
    "mean_points_graf": 1000.8097653772986,
    "avg_set_length": 12.3203125,
    "total_games": 1577
}
