{
    "win_rate": 0.328125,
    "mean_points": 950.618595825427,
    "mean_points_graf": 994.652118912081,
    "avg_set_length": 12.3515625,
    "total_games": 1581
}
