{
    "win_rate": 0.390625,
    "mean_points": 948.3788265306123,
    "mean_points_graf": 983.281887755102,
    "avg_set_length": 12.25,
    "total_games": 1568
}
