{
    "win_rate": 0.421875,
    "mean_points": 957.8080357142858,
    "mean_points_graf": 972.8514030612246,
    "avg_set_length": 12.25,
    "total_games": 1568
}
