{
    "win_rate": 0.3203125,
    "mean_points": 935.8653477983407,
    "mean_points_graf": 993.922144224633,
    "avg_set_length": 12.2421875,
    "total_games": 1567
}
