{
    "win_rate": 0.359375,
    "mean_points": 940.4426751592357,
    "mean_points_graf": 992.5573248407643,
    "avg_set_length": 12.265625,
    "total_games": 1570
}
