{
    "win_rate": 0.3828125,
    "mean_points": 933.5375722543354,
    "mean_points_graf": 984.0404624277456,
    "avg_set_length": 12.1640625,
    "total_games": 1557
}
