{
    "lr-Adam": 0.001,
    "train": {
        "loss": 0.045143745839595795,
        "accuracy": 0.994820773601532,
        "precision": 0.994820773601532,
        "recall": 0.994820773601532,
        "f1": 0.994820773601532
    },
    "epoch": 6537,
    "step": 6537,
    "val": {
        "loss": 4.397852420806885,
        "accuracy": 0.9281508922576904,
        "precision": 0.9281508922576904,
        "recall": 0.9281508922576904,
        "f1": 0.9281508922576904
    }
}
