{
    "win_rate": 0.3984375,
    "mean_points": 946.9106463878327,
    "mean_points_graf": 995.989226869455,
    "avg_set_length": 12.328125,
    "total_games": 1578
}
