{
    "win_rate": 0.3203125,
    "mean_points": 927.5964010282777,
    "mean_points_graf": 988.2879177377893,
    "avg_set_length": 12.15625,
    "total_games": 1556
}
