{
    "win_rate": 0.3046875,
    "mean_points": 924.2581678411275,
    "mean_points_graf": 997.6591928251121,
    "avg_set_length": 12.1953125,
    "total_games": 1561
}
