{
    "win_rate": 0.3984375,
    "mean_points": 929.4255319148937,
    "mean_points_graf": 982.816247582205,
    "avg_set_length": 12.1171875,
    "total_games": 1551
}
