{
    "win_rate": 0.375,
    "mean_points": 951.6776859504132,
    "mean_points_graf": 985.5206611570247,
    "avg_set_length": 12.2890625,
    "total_games": 1573
}
