{
    "win_rate": 0.390625,
    "mean_points": 932.7982062780269,
    "mean_points_graf": 990.5272261370915,
    "avg_set_length": 12.1953125,
    "total_games": 1561
}
