{
    "win_rate": 0.375,
    "mean_points": 942.8085787451985,
    "mean_points_graf": 980.5921895006402,
    "avg_set_length": 12.203125,
    "total_games": 1562
}
