{
    "win_rate": 0.3515625,
    "mean_points": 941.3922441195168,
    "mean_points_graf": 995.0076287349015,
    "avg_set_length": 12.2890625,
    "total_games": 1573
}
