{
    "win_rate": 0.359375,
    "mean_points": 939.449071108264,
    "mean_points_graf": 982.0659833440102,
    "avg_set_length": 12.1953125,
    "total_games": 1561
}
