{
    "win_rate": 0.4140625,
    "mean_points": 948.0210593490747,
    "mean_points_graf": 980.3637523931079,
    "avg_set_length": 12.2421875,
    "total_games": 1567
}
