{
    "win_rate": 0.4375,
    "mean_points": 950.8617834394904,
    "mean_points_graf": 982.3382165605096,
    "avg_set_length": 12.265625,
    "total_games": 1570
}
