{
    "win_rate": 0.46875,
    "mean_points": 956.2584341183959,
    "mean_points_graf": 978.609166136219,
    "avg_set_length": 12.2734375,
    "total_games": 1571
}
