{
    "win_rate": 0.3515625,
    "mean_points": 932.0660679923028,
    "mean_points_graf": 988.288646568313,
    "avg_set_length": 12.1796875,
    "total_games": 1559
}
