{
    "win_rate": 0.3359375,
    "mean_points": 951.7242251739406,
    "mean_points_graf": 994.3409234661606,
    "avg_set_length": 12.3515625,
    "total_games": 1581
}
