{
    "win_rate": 0.40625,
    "mean_points": 956.4071020925809,
    "mean_points_graf": 984.8376664552949,
    "avg_set_length": 12.3203125,
    "total_games": 1577
}
