{
    "win_rate": 0.3671875,
    "mean_points": 936.2020460358057,
    "mean_points_graf": 990.3606138107417,
    "avg_set_length": 12.21875,
    "total_games": 1564
}
