{
    "win_rate": 0.3046875,
    "mean_points": 928.44266495836,
    "mean_points_graf": 996.8942985265855,
    "avg_set_length": 12.1953125,
    "total_games": 1561
}
