{
    "win_rate": 0.3984375,
    "mean_points": 937.4525032092426,
    "mean_points_graf": 980.6078305519898,
    "avg_set_length": 12.171875,
    "total_games": 1558
}
