{
    "win_rate": 0.3125,
    "mean_points": 927.8287186091436,
    "mean_points_graf": 985.3876368319382,
    "avg_set_length": 12.1328125,
    "total_games": 1553
}
