{
    "win_rate": 0.4140625,
    "mean_points": 947.6024250159542,
    "mean_points_graf": 981.1831525207404,
    "avg_set_length": 12.2421875,
    "total_games": 1567
}
