{
    "win_rate": 0.5078125,
    "mean_points": 956.1346153846152,
    "mean_points_graf": 965.3038461538462,
    "avg_set_length": 12.1875,
    "total_games": 1560
}
