{
    "win_rate": 0.2890625,
    "mean_points": 921.2813102119461,
    "mean_points_graf": 997.7084136159281,
    "avg_set_length": 12.1640625,
    "total_games": 1557
}
