{
    "win_rate": 0.3203125,
    "mean_points": 933.7630906768838,
    "mean_points_graf": 993.948275862069,
    "avg_set_length": 12.234375,
    "total_games": 1566
}
