{
    "win_rate": 0.4140625,
    "mean_points": 955.9059720457433,
    "mean_points_graf": 982.3557814485388,
    "avg_set_length": 12.296875,
    "total_games": 1574
}
