{
    "win_rate": 0.4375,
    "mean_points": 960.0788302606486,
    "mean_points_graf": 975.5225683407501,
    "avg_set_length": 12.2890625,
    "total_games": 1573
}
