{
    "win_rate": 0.40625,
    "mean_points": 950.5207933461293,
    "mean_points_graf": 973.1561100447857,
    "avg_set_length": 12.2109375,
    "total_games": 1563
}
