{
    "win_rate": 0.3125,
    "mean_points": 923.050032071841,
    "mean_points_graf": 998.91597177678,
    "avg_set_length": 12.1796875,
    "total_games": 1559
}
