{
    "win_rate": 0.34375,
    "mean_points": 926.8350383631714,
    "mean_points_graf": 998.9245524296675,
    "avg_set_length": 12.21875,
    "total_games": 1564
}
