{
    "win_rate": 0.3203125,
    "mean_points": 937.0902160101651,
    "mean_points_graf": 1001.7700127064804,
    "avg_set_length": 12.296875,
    "total_games": 1574
}
