{
    "win_rate": 0.40625,
    "mean_points": 941.0299936183792,
    "mean_points_graf": 987.9559668155712,
    "avg_set_length": 12.2421875,
    "total_games": 1567
}
