{
    "win_rate": 0.453125,
    "mean_points": 963.2289156626506,
    "mean_points_graf": 978.2149651236525,
    "avg_set_length": 12.3203125,
    "total_games": 1577
}
