{
    "win_rate": 0.390625,
    "mean_points": 943.0025575447571,
    "mean_points_graf": 983.9616368286445,
    "avg_set_length": 12.21875,
    "total_games": 1564
}
