{
    "win_rate": 0.2890625,
    "mean_points": 928.4328644501279,
    "mean_points_graf": 997.5274936061381,
    "avg_set_length": 12.21875,
    "total_games": 1564
}
