{
    "win_rate": 0.4296875,
    "mean_points": 950.348271446863,
    "mean_points_graf": 973.0524967989757,
    "avg_set_length": 12.203125,
    "total_games": 1562
}
