{
    "win_rate": 0.3671875,
    "mean_points": 947.1847619047619,
    "mean_points_graf": 990.9428571428572,
    "avg_set_length": 12.3046875,
    "total_games": 1575
}
