{
    "win_rate": 0.390625,
    "mean_points": 941.0853110968569,
    "mean_points_graf": 978.2623476587555,
    "avg_set_length": 12.1796875,
    "total_games": 1559
}
