{
    "win_rate": 0.046875,
    "mean_points": 753.3358673116793,
    "mean_points_graf": 1038.5473393227367,
    "avg_set_length": 11.3046875,
    "total_games": 1447
}
