{
    "win_rate": 0.4609375,
    "mean_points": 965.4174078780178,
    "mean_points_graf": 971.6473951715375,
    "avg_set_length": 12.296875,
    "total_games": 1574
}
