{
    "win_rate": 0.3671875,
    "mean_points": 944.2020395156151,
    "mean_points_graf": 988.5289993626513,
    "avg_set_length": 12.2578125,
    "total_games": 1569
}
