{
    "win_rate": 0.46875,
    "mean_points": 969.0487650411653,
    "mean_points_graf": 973.5155161494617,
    "avg_set_length": 12.3359375,
    "total_games": 1579
}
