{
    "win_rate": 0.421875,
    "mean_points": 950.7010834926705,
    "mean_points_graf": 982.2300828553218,
    "avg_set_length": 12.2578125,
    "total_games": 1569
}
