{
    "win_rate": 0.4453125,
    "mean_points": 961.5422222222221,
    "mean_points_graf": 978.1803174603175,
    "avg_set_length": 12.3046875,
    "total_games": 1575
}
