{
    "win_rate": 0.4609375,
    "mean_points": 965.2288242730721,
    "mean_points_graf": 983.2781289506953,
    "avg_set_length": 12.359375,
    "total_games": 1582
}
