{
    "win_rate": 0.375,
    "mean_points": 944.8980891719746,
    "mean_points_graf": 988.7019108280256,
    "avg_set_length": 12.265625,
    "total_games": 1570
}
