{
    "win_rate": 0.34375,
    "mean_points": 939.6904005085823,
    "mean_points_graf": 997.9071837253655,
    "avg_set_length": 12.2890625,
    "total_games": 1573
}
