{
    "win_rate": 0.3515625,
    "mean_points": 937.8679846938775,
    "mean_points_graf": 992.7914540816328,
    "avg_set_length": 12.25,
    "total_games": 1568
}
