{
    "win_rate": 0.4296875,
    "mean_points": 948.3237731038878,
    "mean_points_graf": 983.8068833652007,
    "avg_set_length": 12.2578125,
    "total_games": 1569
}
