{
    "win_rate": 0.3359375,
    "mean_points": 939.3608640406607,
    "mean_points_graf": 1000.2973316391358,
    "avg_set_length": 12.296875,
    "total_games": 1574
}
