{
    "win_rate": 0.375,
    "mean_points": 939.7452229299363,
    "mean_points_graf": 995.2547770700636,
    "avg_set_length": 12.265625,
    "total_games": 1570
}
