{
    "win_rate": 0.3359375,
    "mean_points": 935.3001912045889,
    "mean_points_graf": 998.831739961759,
    "avg_set_length": 12.2578125,
    "total_games": 1569
}
