{
    "win_rate": 0.3671875,
    "mean_points": 956.3148854961831,
    "mean_points_graf": 979.4192111959287,
    "avg_set_length": 12.28125,
    "total_games": 1572
}
