step	avg_set_length
135	12.1640625
1000	12.2109375
1761	12.328125
