step	avg_set_length
1155	12.2578125
100	12.203125
