step	mean_points
531	955.8823903369357
0	969.0487650411653
