step	mean_points
135	932.830443159923
1000	943.9021113243762
1761	960.4638783269963
