step	mean_points
531	955.8823903369357
0	935.3001912045889
