step	mean_points
531	955.8823903369357
0	939.3608640406607
