step	mean_points
531	955.8823903369357
0	933.5375722543354
