step	mean_points
531	955.8823903369357
0	956.4071020925809
