step	mean_points
531	955.8823903369357
0	943.0025575447571
