step	mean_points_graf
1155	983.8068833652007
100	973.0524967989757
