step	mean_points_graf
531	979.9186268277177
0	971.3188220230472
