step	mean_points
531	955.8823903369357
0	930.1453265044814
