step	mean_points
531	955.8823903369357
0	950.0510204081633
