step	mean_points
531	955.8823903369357
0	932.4871794871794
