step	mean_points
531	955.8823903369357
0	963.2289156626506
