step	mean_points_graf
531	979.9186268277177
0	979.4192111959287
