step	mean_points
531	955.8823903369357
0	941.851282051282
