step	mean_points
531	955.8823903369357
0	927.5964010282777
