step	mean_points
531	955.8823903369357
0	936.2020460358057
