step	mean_points
531	955.8823903369357
0	965.2288242730721
