step	mean_points
531	955.8823903369357
0	942.8085787451985
