step	mean_points
531	955.8823903369357
0	926.8350383631714
