step	mean_points_graf
531	979.9186268277177
0	988.7019108280256
