step	mean_points
531	955.8823903369357
0	928.44266495836
