step	mean_points_graf
531	979.9186268277177
0	998.831739961759
