step	mean_points
531	955.8823903369357
0	932.7982062780269
