step	mean_points_graf
531	979.9186268277177
0	997.7084136159281
