step	mean_points
531	955.8823903369357
0	955.9059720457433
