step	mean_points
531	955.8823903369357
0	924.2581678411275
