step	mean_points
531	955.8823903369357
0	951.6776859504132
