step	mean_points
531	955.8823903369357
0	940.2358909321497
