step	mean_points_graf
531	979.9186268277177
0	1000.2973316391358
