step	mean_points
531	955.8823903369357
0	956.2584341183959
