step	mean_points_graf
135	984.7475915221579
1000	980.980166346769
1761	982.2370088719898
