step	mean_points
531	955.8823903369357
0	961.5422222222221
