step	mean_points
1155	948.3237731038878
100	950.348271446863
