step	mean_points
531	955.8823903369357
0	950.8617834394904
