step	mean_points_graf
531	979.9186268277177
0	987.9559668155712
