step	mean_points
531	955.8823903369357
0	929.4255319148937
