step	mean_points
531	955.8823903369357
0	948.0210593490747
