step	mean_points
531	955.8823903369357
0	944.1349968010238
