step	mean_points
531	955.8823903369357
0	935.8653477983407
