step	win_rate
1155	0.4296875
100	0.4296875
