step	win_rate
135	0.3671875
1000	0.4140625
1761	0.40625
