step	win_rate
531	0.3828125
0	0.34375
